<?xml version="1.0" encoding="UTF-8"?>
<project-private xmlns="http://www.netbeans.org/ns/project-private/1">
    <editor-bookmarks xmlns="http://www.netbeans.org/ns/editor-bookmarks/2" lastBookmarkId="0"/>
    <open-files xmlns="http://www.netbeans.org/ns/projectui-open-files/2">
        <group>
            <file>file:/C:/xampp/htdocs/Programacion_H1_2T_Alex_Alhambra_Jimenez/BajaUsuario.php</file>
            <file>file:/C:/xampp/htdocs/Programacion_H1_2T_Alex_Alhambra_Jimenez/index.php</file>
            <file>file:/C:/xampp/htdocs/Programacion_H1_2T_Alex_Alhambra_Jimenez/formulario.php</file>
            <file>file:/C:/xampp/htdocs/Programacion_H1_2T_Alex_Alhambra_Jimenez/suscripcion.php</file>
            <file>file:/C:/xampp/htdocs/Programacion_H1_2T_Alex_Alhambra_Jimenez/conexion.php</file>
            <file>file:/C:/xampp/htdocs/Programacion_H1_2T_Alex_Alhambra_Jimenez/ModificarUsuario.php</file>
        </group>
    </open-files>
</project-private>
